"Part";"Value";"Device";"Package";"Description";"ARROW_PART_NUMBER";"ARROW_PRICE-STOCK";"CREATED_BY";"DATASHEET-URL";"DESCRIPTION";"DIGIKEY_PART_NUMBER";"GENDER";"HEIGHT";"IR";"MANUFACTURER";"MANUFACTURER_NAME";"MANUFACTURER_PART_NUMBER";"MATES";"MOUSER_PART_NUMBER";"MOUSER_PRICE-STOCK";"MPN";"PACKAGE";"PACKAGING";"PART-NUMBER";"PINS";"POPULARITY";"PROD_ID";"ROWS";"SF_SKU";"TYPE";
"C1";"470uF";"CC0805KRX7R9BB104";"CAP_0805";"CAP CER 0.1UF 50V X7R 0805";"";"";"PCBLayout.com";"";"";"311-1140-2-ND";"";"";"";"Yageo";"";"";"";"";"";"CC0805KRX7R9BB104";"SMD 0805";"";"";"";"";"";"";"";"";
"C2";"1uF";"CC0805KRX7R9BB104";"CAP_0805";"CAP CER 0.1UF 50V X7R 0805";"";"";"PCBLayout.com";"";"";"311-1140-2-ND";"";"";"";"Yageo";"";"";"";"";"";"CC0805KRX7R9BB104";"SMD 0805";"";"";"";"";"";"";"";"";
"C3";"33p";"CC0805KRX7R9BB104";"CAP_0805";"CAP CER 0.1UF 50V X7R 0805";"";"";"PCBLayout.com";"";"";"311-1140-2-ND";"";"";"";"Yageo";"";"";"";"";"";"CC0805KRX7R9BB104";"SMD 0805";"";"";"";"";"";"";"";"";
"C4";"33p";"CC0805KRX7R9BB104";"CAP_0805";"CAP CER 0.1UF 50V X7R 0805";"";"";"PCBLayout.com";"";"";"311-1140-2-ND";"";"";"";"Yageo";"";"";"";"";"";"CC0805KRX7R9BB104";"SMD 0805";"";"";"";"";"";"";"";"";
"C5";"10u";"CC0805KRX7R9BB104";"CAP_0805";"CAP CER 0.1UF 50V X7R 0805";"";"";"PCBLayout.com";"";"";"311-1140-2-ND";"";"";"";"Yageo";"";"";"";"";"";"CC0805KRX7R9BB104";"SMD 0805";"";"";"";"";"";"";"";"";
"C6";"10u";"CC0805KRX7R9BB104";"CAP_0805";"CAP CER 0.1UF 50V X7R 0805";"";"";"PCBLayout.com";"";"";"311-1140-2-ND";"";"";"";"Yageo";"";"";"";"";"";"CC0805KRX7R9BB104";"SMD 0805";"";"";"";"";"";"";"";"";
"C7";"10u";"CC0805KRX7R9BB104";"CAP_0805";"CAP CER 0.1UF 50V X7R 0805";"";"";"PCBLayout.com";"";"";"311-1140-2-ND";"";"";"";"Yageo";"";"";"";"";"";"CC0805KRX7R9BB104";"SMD 0805";"";"";"";"";"";"";"";"";
"C8";"10u";"CC0805KRX7R9BB104";"CAP_0805";"CAP CER 0.1UF 50V X7R 0805";"";"";"PCBLayout.com";"";"";"311-1140-2-ND";"";"";"";"Yageo";"";"";"";"";"";"CC0805KRX7R9BB104";"SMD 0805";"";"";"";"";"";"";"";"";
"C9";"10u";"CC0805KRX7R9BB104";"CAP_0805";"CAP CER 0.1UF 50V X7R 0805";"";"";"PCBLayout.com";"";"";"311-1140-2-ND";"";"";"";"Yageo";"";"";"";"";"";"CC0805KRX7R9BB104";"SMD 0805";"";"";"";"";"";"";"";"";
"C10";"10u";"CC0805KRX7R9BB104";"CAP_0805";"CAP CER 0.1UF 50V X7R 0805";"";"";"PCBLayout.com";"";"";"311-1140-2-ND";"";"";"";"Yageo";"";"";"";"";"";"CC0805KRX7R9BB104";"SMD 0805";"";"";"";"";"";"";"";"";
"C11";"10u";"CC0805KRX7R9BB104";"CAP_0805";"CAP CER 0.1UF 50V X7R 0805";"";"";"PCBLayout.com";"";"";"311-1140-2-ND";"";"";"";"Yageo";"";"";"";"";"";"CC0805KRX7R9BB104";"SMD 0805";"";"";"";"";"";"";"";"";
"C12";"10u";"CC0805KRX7R9BB104";"CAP_0805";"CAP CER 0.1UF 50V X7R 0805";"";"";"PCBLayout.com";"";"";"311-1140-2-ND";"";"";"";"Yageo";"";"";"";"";"";"CC0805KRX7R9BB104";"SMD 0805";"";"";"";"";"";"";"";"";
"C13";"10u";"CC0805KRX7R9BB104";"CAP_0805";"CAP CER 0.1UF 50V X7R 0805";"";"";"PCBLayout.com";"";"";"311-1140-2-ND";"";"";"";"Yageo";"";"";"";"";"";"CC0805KRX7R9BB104";"SMD 0805";"";"";"";"";"";"";"";"";
"C14";"0.1u";"CC0805KRX7R9BB104";"CAP_0805";"CAP CER 0.1UF 50V X7R 0805";"";"";"PCBLayout.com";"";"";"311-1140-2-ND";"";"";"";"Yageo";"";"";"";"";"";"CC0805KRX7R9BB104";"SMD 0805";"";"";"";"";"";"";"";"";
"C15";"0.1u";"CC0805KRX7R9BB104";"CAP_0805";"CAP CER 0.1UF 50V X7R 0805";"";"";"PCBLayout.com";"";"";"311-1140-2-ND";"";"";"";"Yageo";"";"";"";"";"";"CC0805KRX7R9BB104";"SMD 0805";"";"";"";"";"";"";"";"";
"C16";"100u";"CC0805KRX7R9BB104";"CAP_0805";"CAP CER 0.1UF 50V X7R 0805";"";"";"PCBLayout.com";"";"";"311-1140-2-ND";"";"";"";"Yageo";"";"";"";"";"";"CC0805KRX7R9BB104";"SMD 0805";"";"";"";"";"";"";"";"";
"C17";"100u";"CC0805KRX7R9BB104";"CAP_0805";"CAP CER 0.1UF 50V X7R 0805";"";"";"PCBLayout.com";"";"";"311-1140-2-ND";"";"";"";"Yageo";"";"";"";"";"";"CC0805KRX7R9BB104";"SMD 0805";"";"";"";"";"";"";"";"";
"C18";"10u";"CC0805KRX7R9BB104";"CAP_0805";"CAP CER 0.1UF 50V X7R 0805";"";"";"PCBLayout.com";"";"";"311-1140-2-ND";"";"";"";"Yageo";"";"";"";"";"";"CC0805KRX7R9BB104";"SMD 0805";"";"";"";"";"";"";"";"";
"D1";"1N4007S";"1N4007S";"DIOAD1470W65L470D250";"Rectifiers 1A,1000V,Std SILASTIC Rect";"";"";"";"";"Rectifiers 1A,1000V,Std SILASTIC Rect";"";"";"mm";"";"";"Taiwan Semiconductor";"1N4007S";"";"821-1N4007S";"http://www.mouser.com/Search/ProductDetail.aspx?qs=tHU%2flV7kTySzKYFlWk%2f8oQ%3d%3d";"";"";"";"";"";"";"";"";"";"";
"IC1";"PIC16F877A-I_P";"PIC16F877A-I_P";"DIP1550W56P254L5219H483Q40N";"8-Bit CMOS FLASH Microcontrollers";"PIC16F877A-I/P";"https://www.arrow.com/en/products/pic16f877a-ip/microchip-technology";"";"";"8-Bit CMOS FLASH Microcontrollers";"";"";"4.83mm";"";"";"Microchip";"PIC16F877A-I/P";"";"579-PIC16F877A-I/P";"https://www.mouser.co.uk/ProductDetail/Microchip-Technology/PIC16F877A-I-P?qs=Vn0zuzr35GH%252Bfm6E5Siyuw%3D%3D";"";"";"";"";"";"";"";"";"";"";
"IC2";"LM7805ACT";"LM7805ACT";"TO254P470X1016X2019-3P";"ON Semiconductor LM7805ACT Linear Voltage Regulator, 1A, 5 V 3-Pin, TO-220";"LM7805ACT";"https://www.arrow.com/en/products/lm7805act/on-semiconductor";"";"";"ON Semiconductor LM7805ACT Linear Voltage Regulator, 1A, 5 V 3-Pin, TO-220";"";"";"4.7mm";"";"";"ON Semiconductor";"LM7805ACT";"";"512-LM7805ACT";"https://www.mouser.co.uk/ProductDetail/ON-Semiconductor-Fairchild/LM7805ACT?qs=VOMQJJE%252BBNlQknJDd4ZVLg%3D%3D";"";"";"";"";"";"";"";"";"";"";
"IC3";"L293D";"L293D";"DIP880W50P254L2000H510Q16N";"L293D, Motor Driver, 4.5  36 V, 16-Pin Power PDIP";"L293D";"https://www.arrow.com/en/products/l293d/stmicroelectronics";"";"";"L293D, Motor Driver, 4.5  36 V, 16-Pin Power PDIP";"";"";"5.1mm";"";"";"STMicroelectronics";"L293D";"";"511-L293D";"https://www.mouser.co.uk/ProductDetail/STMicroelectronics/L293D/?qs=gr8Zi5OG3MgMJ1ICDzLQbg%3D%3D";"";"";"";"";"";"";"";"";"";"";
"IC4";"L293D";"L293D";"DIP880W50P254L2000H510Q16N";"L293D, Motor Driver, 4.5  36 V, 16-Pin Power PDIP";"L293D";"https://www.arrow.com/en/products/l293d/stmicroelectronics";"";"";"L293D, Motor Driver, 4.5  36 V, 16-Pin Power PDIP";"";"";"5.1mm";"";"";"STMicroelectronics";"L293D";"";"511-L293D";"https://www.mouser.co.uk/ProductDetail/STMicroelectronics/L293D/?qs=gr8Zi5OG3MgMJ1ICDzLQbg%3D%3D";"";"";"";"";"";"";"";"";"";"";
"J1";"694106301002";"694106301002";"694106301002";"CONN PWR JACK 2.1X5.5MM SOLDER";"";"";"PCBLayout.com";"";"";"732-5930-ND";"";"";"";"Wurth Electronics Inc.";"";"";"";"";"";"694106301002";"";"";"";"";"";"";"";"";"";
"J2";"";"6130XX11121_61301611121";"61301611121";"WR-PHD 2.54 mm THT Pin Header";"";"";"";"https://katalog.we-online.com/em/datasheet/61301611121.pdf";"";"";"Pin Header";"";"3A";"";"";"";"WR-PHD 2.54mm Angled Socket Header /SMT Socket Header/Socket Header";"";"";"";"";"Bag";" 61301611121 ";" 16 ";"";"";"Single";"";"Straight";
"K1";"SRD-05VDC-SL-C";"SRD-05VDC-SL-C";"SRD";"Relay";"";"";"";"";"Relay";"";"";"mm";"";"";"Songle Relay";"SRD-05VDC-SL-C";"";"";"";"";"";"";"";"";"";"";"";"";"";
"K2";"SRD-05VDC-SL-C";"SRD-05VDC-SL-C";"SRD";"Relay";"";"";"";"";"Relay";"";"";"mm";"";"";"Songle Relay";"SRD-05VDC-SL-C";"";"";"";"";"";"";"";"";"";"";"";"";"";
"K3";"SRD-05VDC-SL-C";"SRD-05VDC-SL-C";"SRD";"Relay";"";"";"";"";"Relay";"";"";"mm";"";"";"Songle Relay";"SRD-05VDC-SL-C";"";"";"";"";"";"";"";"";"";"";"";"";"";
"K5";"SRD-05VDC-SL-C";"SRD-05VDC-SL-C";"SRD";"Relay";"";"";"";"";"Relay";"";"";"mm";"";"";"Songle Relay";"SRD-05VDC-SL-C";"";"";"";"";"";"";"";"";"";"";"";"";"";
"LED5";"";"LEDCHIPLED_0805";"CHIPLED_0805";"LED";"";"";"";"";"";"";"";"";"";"";"";"";"";"";"";"";"";"";"";"";"52";"";"";"";"";
"LED6";"";"LEDCHIPLED_0805";"CHIPLED_0805";"LED";"";"";"";"";"";"";"";"";"";"";"";"";"";"";"";"";"";"";"";"";"52";"";"";"";"";
"LED7";"";"LEDCHIPLED_0805";"CHIPLED_0805";"LED";"";"";"";"";"";"";"";"";"";"";"";"";"";"";"";"";"";"";"";"";"52";"";"";"";"";
"LED8";"";"LEDCHIPLED_0805";"CHIPLED_0805";"LED";"";"";"";"";"";"";"";"";"";"";"";"";"";"";"";"";"";"";"";"";"52";"";"";"";"";
"Q1";"2N1711";"2N1711";"TO39";"NPN Transistor";"";"";"";"";"";"";"";"";"";"";"";"";"";"";"";"";"";"";"";"";"0";"";"";"";"";
"Q2";"2N1711";"2N1711";"TO39";"NPN Transistor";"";"";"";"";"";"";"";"";"";"";"";"";"";"";"";"";"";"";"";"";"0";"";"";"";"";
"Q3";"2N1711";"2N1711";"TO39";"NPN Transistor";"";"";"";"";"";"";"";"";"";"";"";"";"";"";"";"";"";"";"";"";"0";"";"";"";"";
"Q5";"2N1711";"2N1711";"TO39";"NPN Transistor";"";"";"";"";"";"";"";"";"";"";"";"";"";"";"";"";"";"";"";"";"0";"";"";"";"";
"R1";"10k";"CRCW08050000Z0EA";"RES_0805";"RES SMD 0 OHM JUMPER 1/8W 0805";"";"";"PCBLayout.com";"";"";"541-0.0ATR-ND";"";"";"";"Vishay Dale";"";"";"";"";"";"CRCW08050000Z0EA";"SMD 0805";"";"";"";"";"";"";"";"";
"R6";"330";"CRCW08050000Z0EA";"RES_0805";"RES SMD 0 OHM JUMPER 1/8W 0805";"";"";"PCBLayout.com";"";"";"541-0.0ATR-ND";"";"";"";"Vishay Dale";"";"";"";"";"";"CRCW08050000Z0EA";"SMD 0805";"";"";"";"";"";"";"";"";
"R7";"330";"CRCW08050000Z0EA";"RES_0805";"RES SMD 0 OHM JUMPER 1/8W 0805";"";"";"PCBLayout.com";"";"";"541-0.0ATR-ND";"";"";"";"Vishay Dale";"";"";"";"";"";"CRCW08050000Z0EA";"SMD 0805";"";"";"";"";"";"";"";"";
"R8";"330";"CRCW08050000Z0EA";"RES_0805";"RES SMD 0 OHM JUMPER 1/8W 0805";"";"";"PCBLayout.com";"";"";"541-0.0ATR-ND";"";"";"";"Vishay Dale";"";"";"";"";"";"CRCW08050000Z0EA";"SMD 0805";"";"";"";"";"";"";"";"";
"R9";"330";"CRCW08050000Z0EA";"RES_0805";"RES SMD 0 OHM JUMPER 1/8W 0805";"";"";"PCBLayout.com";"";"";"541-0.0ATR-ND";"";"";"";"Vishay Dale";"";"";"";"";"";"CRCW08050000Z0EA";"SMD 0805";"";"";"";"";"";"";"";"";
"S1";"SWS001";"SWS001";"SMS-001";"SMD Dip Switch 1 pol.";"";"";"";"";"";"";"";"";"";"";"";"";"";"";"";"";"";"";"";"";"9";"";"";"";"";
"S2";"MOMENTARY-SWITCH-SPST-PTH-6.0MM";"MOMENTARY-SWITCH-SPST-PTH-6.0MM";"TACTILE_SWITCH_PTH_6.0MM";"Momentary Switch (Pushbutton) - SPST";"";"";"";"";"";"";"";"";"";"";"";"";"";"";"";"";"";"";"";"";"";" SWCH-08441";"";"COM-00097";"";
"SAIDA_MOTOR_1";"TB005-762-03BE";"TB005-762-03BE";"SHDR3W100P0X762_1X3_2286X1260X";"Fixed Terminal Blocks Terminal block, screw type, 7.62 , horizontal, 3 poles, CUI Blue, slotted screw, PCB mount";"TB005-762-03BE";"https://www.arrow.com/en/products/tb005-762-03be/cui-devices";"";"";"Fixed Terminal Blocks Terminal block, screw type, 7.62 , horizontal, 3 poles, CUI Blue, slotted screw, PCB mount";"";"";"21.7mm";"";"";"CUI Inc.";"TB005-762-03BE";"";"490-TB005-762-03BE";"https://www.mouser.co.uk/ProductDetail/CUI-Devices/TB005-762-03BE?qs=vLWxofP3U2y%2FNPoVLYDJfQ%3D%3D";"";"";"";"";"";"";"";"";"";"";
"SAIDA_MOTOR_2";"TB005-762-03BE";"TB005-762-03BE";"SHDR3W100P0X762_1X3_2286X1260X";"Fixed Terminal Blocks Terminal block, screw type, 7.62 , horizontal, 3 poles, CUI Blue, slotted screw, PCB mount";"TB005-762-03BE";"https://www.arrow.com/en/products/tb005-762-03be/cui-devices";"";"";"Fixed Terminal Blocks Terminal block, screw type, 7.62 , horizontal, 3 poles, CUI Blue, slotted screw, PCB mount";"";"";"21.7mm";"";"";"CUI Inc.";"TB005-762-03BE";"";"490-TB005-762-03BE";"https://www.mouser.co.uk/ProductDetail/CUI-Devices/TB005-762-03BE?qs=vLWxofP3U2y%2FNPoVLYDJfQ%3D%3D";"";"";"";"";"";"";"";"";"";"";
"SAIDA_MOTOR_3";"TB005-762-03BE";"TB005-762-03BE";"SHDR3W100P0X762_1X3_2286X1260X";"Fixed Terminal Blocks Terminal block, screw type, 7.62 , horizontal, 3 poles, CUI Blue, slotted screw, PCB mount";"TB005-762-03BE";"https://www.arrow.com/en/products/tb005-762-03be/cui-devices";"";"";"Fixed Terminal Blocks Terminal block, screw type, 7.62 , horizontal, 3 poles, CUI Blue, slotted screw, PCB mount";"";"";"21.7mm";"";"";"CUI Inc.";"TB005-762-03BE";"";"490-TB005-762-03BE";"https://www.mouser.co.uk/ProductDetail/CUI-Devices/TB005-762-03BE?qs=vLWxofP3U2y%2FNPoVLYDJfQ%3D%3D";"";"";"";"";"";"";"";"";"";"";
"SAIDA_MOTOR_4";"TB005-762-03BE";"TB005-762-03BE";"SHDR3W100P0X762_1X3_2286X1260X";"Fixed Terminal Blocks Terminal block, screw type, 7.62 , horizontal, 3 poles, CUI Blue, slotted screw, PCB mount";"TB005-762-03BE";"https://www.arrow.com/en/products/tb005-762-03be/cui-devices";"";"";"Fixed Terminal Blocks Terminal block, screw type, 7.62 , horizontal, 3 poles, CUI Blue, slotted screw, PCB mount";"";"";"21.7mm";"";"";"CUI Inc.";"TB005-762-03BE";"";"490-TB005-762-03BE";"https://www.mouser.co.uk/ProductDetail/CUI-Devices/TB005-762-03BE?qs=vLWxofP3U2y%2FNPoVLYDJfQ%3D%3D";"";"";"";"";"";"";"";"";"";"";
"SENSOR_AGUA";"TB005-762-03BE";"TB005-762-03BE";"SHDR3W100P0X762_1X3_2286X1260X";"Fixed Terminal Blocks Terminal block, screw type, 7.62 , horizontal, 3 poles, CUI Blue, slotted screw, PCB mount";"TB005-762-03BE";"https://www.arrow.com/en/products/tb005-762-03be/cui-devices";"";"";"Fixed Terminal Blocks Terminal block, screw type, 7.62 , horizontal, 3 poles, CUI Blue, slotted screw, PCB mount";"";"";"21.7mm";"";"";"CUI Inc.";"TB005-762-03BE";"";"490-TB005-762-03BE";"https://www.mouser.co.uk/ProductDetail/CUI-Devices/TB005-762-03BE?qs=vLWxofP3U2y%2FNPoVLYDJfQ%3D%3D";"";"";"";"";"";"";"";"";"";"";
"SENSOR_CHUVA";"TB005-762-03BE";"TB005-762-03BE";"SHDR3W100P0X762_1X3_2286X1260X";"Fixed Terminal Blocks Terminal block, screw type, 7.62 , horizontal, 3 poles, CUI Blue, slotted screw, PCB mount";"TB005-762-03BE";"https://www.arrow.com/en/products/tb005-762-03be/cui-devices";"";"";"Fixed Terminal Blocks Terminal block, screw type, 7.62 , horizontal, 3 poles, CUI Blue, slotted screw, PCB mount";"";"";"21.7mm";"";"";"CUI Inc.";"TB005-762-03BE";"";"490-TB005-762-03BE";"https://www.mouser.co.uk/ProductDetail/CUI-Devices/TB005-762-03BE?qs=vLWxofP3U2y%2FNPoVLYDJfQ%3D%3D";"";"";"";"";"";"";"";"";"";"";
"SENSOR_LUZ";"TB005-762-03BE";"TB005-762-03BE";"SHDR3W100P0X762_1X3_2286X1260X";"Fixed Terminal Blocks Terminal block, screw type, 7.62 , horizontal, 3 poles, CUI Blue, slotted screw, PCB mount";"TB005-762-03BE";"https://www.arrow.com/en/products/tb005-762-03be/cui-devices";"";"";"Fixed Terminal Blocks Terminal block, screw type, 7.62 , horizontal, 3 poles, CUI Blue, slotted screw, PCB mount";"";"";"21.7mm";"";"";"CUI Inc.";"TB005-762-03BE";"";"490-TB005-762-03BE";"https://www.mouser.co.uk/ProductDetail/CUI-Devices/TB005-762-03BE?qs=vLWxofP3U2y%2FNPoVLYDJfQ%3D%3D";"";"";"";"";"";"";"";"";"";"";
"SENSOR_SOLO";"TB005-762-03BE";"TB005-762-03BE";"SHDR3W100P0X762_1X3_2286X1260X";"Fixed Terminal Blocks Terminal block, screw type, 7.62 , horizontal, 3 poles, CUI Blue, slotted screw, PCB mount";"TB005-762-03BE";"https://www.arrow.com/en/products/tb005-762-03be/cui-devices";"";"";"Fixed Terminal Blocks Terminal block, screw type, 7.62 , horizontal, 3 poles, CUI Blue, slotted screw, PCB mount";"";"";"21.7mm";"";"";"CUI Inc.";"TB005-762-03BE";"";"490-TB005-762-03BE";"https://www.mouser.co.uk/ProductDetail/CUI-Devices/TB005-762-03BE?qs=vLWxofP3U2y%2FNPoVLYDJfQ%3D%3D";"";"";"";"";"";"";"";"";"";"";
"SENSOR_SOLO1";"TB005-762-03BE";"TB005-762-03BE";"SHDR3W100P0X762_1X3_2286X1260X";"Fixed Terminal Blocks Terminal block, screw type, 7.62 , horizontal, 3 poles, CUI Blue, slotted screw, PCB mount";"TB005-762-03BE";"https://www.arrow.com/en/products/tb005-762-03be/cui-devices";"";"";"Fixed Terminal Blocks Terminal block, screw type, 7.62 , horizontal, 3 poles, CUI Blue, slotted screw, PCB mount";"";"";"21.7mm";"";"";"CUI Inc.";"TB005-762-03BE";"";"490-TB005-762-03BE";"https://www.mouser.co.uk/ProductDetail/CUI-Devices/TB005-762-03BE?qs=vLWxofP3U2y%2FNPoVLYDJfQ%3D%3D";"";"";"";"";"";"";"";"";"";"";
"SENSOR_SOLO2";"TB005-762-03BE";"TB005-762-03BE";"SHDR3W100P0X762_1X3_2286X1260X";"Fixed Terminal Blocks Terminal block, screw type, 7.62 , horizontal, 3 poles, CUI Blue, slotted screw, PCB mount";"TB005-762-03BE";"https://www.arrow.com/en/products/tb005-762-03be/cui-devices";"";"";"Fixed Terminal Blocks Terminal block, screw type, 7.62 , horizontal, 3 poles, CUI Blue, slotted screw, PCB mount";"";"";"21.7mm";"";"";"CUI Inc.";"TB005-762-03BE";"";"490-TB005-762-03BE";"https://www.mouser.co.uk/ProductDetail/CUI-Devices/TB005-762-03BE?qs=vLWxofP3U2y%2FNPoVLYDJfQ%3D%3D";"";"";"";"";"";"";"";"";"";"";
"SENSOR_SOLO3";"TB005-762-03BE";"TB005-762-03BE";"SHDR3W100P0X762_1X3_2286X1260X";"Fixed Terminal Blocks Terminal block, screw type, 7.62 , horizontal, 3 poles, CUI Blue, slotted screw, PCB mount";"TB005-762-03BE";"https://www.arrow.com/en/products/tb005-762-03be/cui-devices";"";"";"Fixed Terminal Blocks Terminal block, screw type, 7.62 , horizontal, 3 poles, CUI Blue, slotted screw, PCB mount";"";"";"21.7mm";"";"";"CUI Inc.";"TB005-762-03BE";"";"490-TB005-762-03BE";"https://www.mouser.co.uk/ProductDetail/CUI-Devices/TB005-762-03BE?qs=vLWxofP3U2y%2FNPoVLYDJfQ%3D%3D";"";"";"";"";"";"";"";"";"";"";
"SOL_SAIDA_AGUA";"TB005-762-03BE";"TB005-762-03BE";"SHDR3W100P0X762_1X3_2286X1260X";"Fixed Terminal Blocks Terminal block, screw type, 7.62 , horizontal, 3 poles, CUI Blue, slotted screw, PCB mount";"TB005-762-03BE";"https://www.arrow.com/en/products/tb005-762-03be/cui-devices";"";"";"Fixed Terminal Blocks Terminal block, screw type, 7.62 , horizontal, 3 poles, CUI Blue, slotted screw, PCB mount";"";"";"21.7mm";"";"";"CUI Inc.";"TB005-762-03BE";"";"490-TB005-762-03BE";"https://www.mouser.co.uk/ProductDetail/CUI-Devices/TB005-762-03BE?qs=vLWxofP3U2y%2FNPoVLYDJfQ%3D%3D";"";"";"";"";"";"";"";"";"";"";
"SOL_SAIDA_AGUA2";"TB005-762-03BE";"TB005-762-03BE";"SHDR3W100P0X762_1X3_2286X1260X";"Fixed Terminal Blocks Terminal block, screw type, 7.62 , horizontal, 3 poles, CUI Blue, slotted screw, PCB mount";"TB005-762-03BE";"https://www.arrow.com/en/products/tb005-762-03be/cui-devices";"";"";"Fixed Terminal Blocks Terminal block, screw type, 7.62 , horizontal, 3 poles, CUI Blue, slotted screw, PCB mount";"";"";"21.7mm";"";"";"CUI Inc.";"TB005-762-03BE";"";"490-TB005-762-03BE";"https://www.mouser.co.uk/ProductDetail/CUI-Devices/TB005-762-03BE?qs=vLWxofP3U2y%2FNPoVLYDJfQ%3D%3D";"";"";"";"";"";"";"";"";"";"";
"SOL_SAIDA_AGUA_3";"TB005-762-03BE";"TB005-762-03BE";"SHDR3W100P0X762_1X3_2286X1260X";"Fixed Terminal Blocks Terminal block, screw type, 7.62 , horizontal, 3 poles, CUI Blue, slotted screw, PCB mount";"TB005-762-03BE";"https://www.arrow.com/en/products/tb005-762-03be/cui-devices";"";"";"Fixed Terminal Blocks Terminal block, screw type, 7.62 , horizontal, 3 poles, CUI Blue, slotted screw, PCB mount";"";"";"21.7mm";"";"";"CUI Inc.";"TB005-762-03BE";"";"490-TB005-762-03BE";"https://www.mouser.co.uk/ProductDetail/CUI-Devices/TB005-762-03BE?qs=vLWxofP3U2y%2FNPoVLYDJfQ%3D%3D";"";"";"";"";"";"";"";"";"";"";
"SOL_SAIDA_AGUA_4";"TB005-762-03BE";"TB005-762-03BE";"SHDR3W100P0X762_1X3_2286X1260X";"Fixed Terminal Blocks Terminal block, screw type, 7.62 , horizontal, 3 poles, CUI Blue, slotted screw, PCB mount";"TB005-762-03BE";"https://www.arrow.com/en/products/tb005-762-03be/cui-devices";"";"";"Fixed Terminal Blocks Terminal block, screw type, 7.62 , horizontal, 3 poles, CUI Blue, slotted screw, PCB mount";"";"";"21.7mm";"";"";"CUI Inc.";"TB005-762-03BE";"";"490-TB005-762-03BE";"https://www.mouser.co.uk/ProductDetail/CUI-Devices/TB005-762-03BE?qs=vLWxofP3U2y%2FNPoVLYDJfQ%3D%3D";"";"";"";"";"";"";"";"";"";"";
"U$5";"FIDUCIAL";"FIDUCIAL";"FIDUCIAL_1MM";"For use by pick and place machines to calibrate the vision/machine, 1mm";"";"";"";"";"";"";"";"";"";"";"";"";"";"";"";"";"";"";"";"";"";"";"";"";"";
"U$6";"FIDUCIAL";"FIDUCIAL";"FIDUCIAL_1MM";"For use by pick and place machines to calibrate the vision/machine, 1mm";"";"";"";"";"";"";"";"";"";"";"";"";"";"";"";"";"";"";"";"";"";"";"";"";"";
"X1";"4Mhz";"5032/2P";"5032/2P";"Crystal";"";"";"PCBLayout.com";"";"";"";"";"";"";"Xinhunjing";"";"";"";"";"";"5032/2P";"SMD";"";"";"";"";"";"";"";"";
